feature,importance
city_match,0.9516112225030011
biz_pagerank,0.030098475897981557
star_affinity,0.0069515801764187335
user_community,0.003847367359528365
user_review_count,0.0034743071914475473
user_avg_stars,0.002058616793987297
biz_avg_stars,0.0013766375774590441
friends_rated,0.0005817925001762818
user_pagerank,0.0
